{"cameraMode":{"drawMode":0,"name":"Shaded","section":"Shading Mode"},"sceneLighting":false,"audioPlay":false,"sceneViewState":{"m_AlwaysRefresh":false,"showFog":true,"showSkybox":false,"showFlares":true,"showImageEffects":true,"showParticleSystems":true,"showVisualEffectGraphs":true,"m_FxEnabled":true},"in2DMode":false,"pivot":{"x":-1.6763958930969239,"y":0.5067528486251831,"z":-1.674662709236145},"rotation":{"x":0.00013444569776766002,"y":0.9998063445091248,"z":-0.01799852028489113,"w":0.00749864662066102},"size":2.9761812686920168,"orthographic":true}