{"cameraMode":{"drawMode":0,"name":"Shaded","section":"Shading Mode"},"sceneLighting":false,"audioPlay":false,"sceneViewState":{"m_AlwaysRefresh":false,"showFog":true,"showSkybox":false,"showFlares":true,"showImageEffects":true,"showParticleSystems":true,"showVisualEffectGraphs":true,"m_FxEnabled":true},"in2DMode":false,"pivot":{"x":1.253453254699707,"y":0.6801871061325073,"z":0.021706342697143556},"rotation":{"x":-0.00000883642951521324,"y":0.9999880790710449,"z":0.00299998396076262,"w":0.002999646821990609},"size":2.936863422393799,"orthographic":true}