{"cameraMode":{"drawMode":0,"name":"Shaded","section":"Shading Mode"},"sceneLighting":false,"audioPlay":false,"sceneViewState":{"m_AlwaysRefresh":false,"showFog":true,"showSkybox":false,"showFlares":true,"showImageEffects":true,"showParticleSystems":true,"showVisualEffectGraphs":true,"m_FxEnabled":true},"in2DMode":false,"pivot":{"x":-0.0006361007690429688,"y":0.6950020790100098,"z":-1.254749059677124},"rotation":{"x":0.005295167211443186,"y":0.7081446051597595,"z":-0.005311331711709499,"w":0.7060232758522034},"size":2.920295476913452,"orthographic":true}