{"cameraMode":{"drawMode":0,"name":"Shaded","section":"Shading Mode"},"sceneLighting":false,"audioPlay":false,"sceneViewState":{"m_AlwaysRefresh":false,"showFog":true,"showSkybox":false,"showFlares":true,"showImageEffects":true,"showParticleSystems":true,"showVisualEffectGraphs":true,"m_FxEnabled":true},"in2DMode":false,"pivot":{"x":0.18692779541015626,"y":-0.42783457040786745,"z":0.16436123847961427},"rotation":{"x":0.0852280855178833,"y":-0.8121968507766724,"z":0.12275172770023346,"w":0.5639177560806274},"size":3.926873207092285,"orthographic":false}