{"cameraMode":{"drawMode":0,"name":"Shaded","section":"Shading Mode"},"sceneLighting":true,"audioPlay":false,"sceneViewState":{"m_AlwaysRefresh":false,"showFog":true,"showSkybox":true,"showFlares":true,"showImageEffects":true,"showParticleSystems":true,"showVisualEffectGraphs":true,"m_FxEnabled":true},"in2DMode":false,"pivot":{"x":378.9140319824219,"y":190.413330078125,"z":104.85053253173828},"rotation":{"x":0.03739117458462715,"y":-0.07306811958551407,"z":0.002761314157396555,"w":0.9966559410095215},"size":226.14389038085938,"orthographic":false}