{"cameraMode":{"drawMode":0,"name":"Shaded","section":"Shading Mode"},"sceneLighting":false,"audioPlay":false,"sceneViewState":{"m_AlwaysRefresh":false,"showFog":true,"showSkybox":false,"showFlares":true,"showImageEffects":true,"showParticleSystems":true,"showVisualEffectGraphs":true,"m_FxEnabled":true},"in2DMode":false,"pivot":{"x":1061.6571044921875,"y":-0.3676915764808655,"z":-119.03025817871094},"rotation":{"x":0.20125970244407655,"y":-0.47377076745033266,"z":0.11217986047267914,"w":0.849979043006897},"size":1.1379011869430543,"orthographic":false}